{"pitch": [-5.193761573905111, 19.863750067774998, 115.81388439156065, 22.298652478281156], "energy": [-1.2620316743850708, 9.135916709899902, 15.521312976289442, 12.29867096798632]}